1,的
2,一
3,是
4,不
5,了
6,在
7,人
8,有
9,我
10,他
11,这
12,个
13,们
14,中
15,来
16,上
17,大
18,为
19,和
20,国
21,地
22,到
23,以
24,说
25,时
26,要
27,就
28,出
29,会
30,可
31,也
32,你
33,对
34,生
35,能
36,而
37,子
38,那
39,得
40,于
41,着
42,下
43,自
44,之
45,年
46,过
47,发
48,后
49,作
50,里
51,用
52,道
53,行
54,所
55,然
56,家
57,种
58,事
59,成
60,方
61,多
62,经
63,么
64,去
65,法
66,学
67,如
68,都
69,同
70,现
71,当
72,没
73,动
74,面
75,起
76,看
77,定
78,天
79,分
80,还
81,进
82,好
83,小
84,部
85,其
86,些
87,主
88,样
89,理
90,心
91,她
92,本
93,前
94,开
95,但
96,因
97,只
98,从
99,想
100,实
101,日
102,军
103,者
104,意
105,无
106,力
107,它
108,与
109,长
110,把
111,机
112,十
113,民
114,第
115,公
116,此
117,已
118,工
119,使
120,情
121,明
122,性
123,知
124,全
125,三
126,又
127,关
128,点
129,正
130,业
131,外
132,将
133,两
134,高
135,间
136,由
137,问
138,很
139,最
140,重
141,并
142,物
143,手
144,应
145,战
146,向
147,头
148,文
149,体
150,政
151,美
152,相
153,见
154,被
155,利
156,什
157,二
158,等
159,产
160,或
161,新
162,己
163,制
164,身
165,果
166,加
167,西
168,斯
169,月
170,话
171,合
172,回
173,特
174,代
175,内
176,信
177,表
178,化
179,老
180,给
181,世
182,位
183,次
184,度
185,门
186,任
187,常
188,先
189,海
190,通
191,教
192,儿
193,原
194,东
195,声
196,提
197,立
198,及
199,比
200,员
201,解
202,水
203,名
204,真
205,论
206,处
207,走
208,义
209,各
210,入
211,几
212,口
213,认
214,条
215,平
216,系
217,气
218,题
219,活
220,尔
221,更
222,别
223,打
224,女
225,变
226,四
227,神
228,总
229,何
230,电
231,数
232,安
233,少
234,报
235,才
236,结
237,反
238,受
239,目
240,太
241,量
242,再
243,感
244,建
245,务
246,做
247,接
248,必
249,场
250,件
251,计
252,管
253,期
254,市
255,直
256,德
257,资
258,命
259,山
260,金
261,指
262,克
263,许
264,统
265,区
266,保
267,至
268,队
269,形
270,社
271,便
272,空
273,决
274,治
275,展
276,马
277,科
278,司
279,五
280,基
281,眼
282,书
283,非
284,则
285,听
286,白
287,却
288,界
289,达
290,光
291,放
292,强
293,即
294,像
295,难
296,且
297,权
298,思
299,王
300,象
301,完
302,设
303,式
304,色
305,路
306,记
307,南
308,品
309,住
310,告
311,类
312,求
313,据
314,程
315,北
316,边
317,死
318,张
319,该
320,交
321,规
322,万
323,取
324,拉
325,格
326,望
327,觉
328,术
329,领
330,共
331,确
332,传
333,师
334,观
335,清
336,今
337,切
338,院
339,让
340,识
341,候
342,带
343,导
344,争
345,运
346,笑
347,飞
348,风
349,步
350,改
351,收
352,根
353,干
354,造
355,言
356,联
357,持
358,组
359,每
360,济
361,车
362,亲
363,极
364,林
365,服
366,快
367,办
368,议
369,往
370,元
371,英
372,士
373,证
374,近
375,失
376,转
377,夫
378,令
379,准
380,布
381,始
382,怎
383,呢
384,存
385,未
386,远
387,叫
388,台
389,单
390,影
391,具
392,罗
393,字
394,爱
395,击
396,流
397,备
398,兵
399,连
400,调
401,深
402,商
403,算
404,质
405,团
406,集
407,百
408,需
409,价
410,花
411,党
412,华
413,城
414,石
415,级
416,整
417,府
418,离
419,况
420,亚
421,请
422,技
423,际
424,约
425,示
426,复
427,病
428,息
429,究
430,线
431,似
432,官
433,火
434,断
435,精
436,满
437,支
438,视
439,消
440,越
441,器
442,容
443,照
444,须
445,九
446,增
447,研
448,写
449,称
450,企
451,八
452,功
453,吗
454,包
455,片
456,史
457,委
458,乎
459,查
460,轻
461,易
462,早
463,曾
464,除
465,农
466,找
467,装
468,广
469,显
470,吧
471,阿
472,李
473,标
474,谈
475,吃
476,图
477,念
478,六
479,引
480,历
481,首
482,医
483,局
484,突
485,专
486,费
487,号
488,尽
489,另
490,周
491,较
492,注
493,语
494,仅
495,考
496,落
497,青
498,随
499,选
500,列
501,武
502,红
503,响
504,虽
505,推
506,势
507,参
508,希
509,古
510,众
511,构
512,房
513,半
514,节
515,土
516,投
517,某
518,案
519,黑
520,维
521,革
522,划
523,敌
524,致
525,陈
526,律
527,足
528,态
529,护
530,七
531,兴
532,派
533,孩
534,验
535,责
536,营
537,星
538,够
539,章
540,音
541,跟
542,志
543,底
544,站
545,严
546,巴
547,例
548,防
549,族
550,供
551,效
552,续
553,施
554,留
555,讲
556,型
557,料
558,终
559,答
560,紧
561,黄
562,绝
563,奇
564,察
565,母
566,京
567,段
568,依
569,批
570,群
571,项
572,故
573,按
574,河
575,米
576,围
577,江
578,织
579,害
580,斗
581,双
582,境
583,客
584,纪
585,采
586,举
587,杀
588,攻
589,父
590,苏
591,密
592,低
593,朝
594,友
595,诉
596,止
597,细
598,愿
599,千
600,值
601,仍
602,男
603,钱
604,破
605,网
606,热
607,助
608,倒
609,育
610,属
611,坐
612,帝
613,限
614,船
615,脸
616,职
617,速
618,刻
619,乐
620,否
621,刚
622,威
623,毛
624,状
625,率
626,甚
627,独
628,球
629,般
630,普
631,怕
632,弹
633,校
634,苦
635,创
636,假
637,久
638,错
639,承
640,印
641,晚
642,兰
643,试
644,股
645,拿
646,脑
647,预
648,谁
649,益
650,阳
651,若
652,哪
653,微
654,尼
655,继
656,送
657,急
658,血
659,惊
660,伤
661,素
662,药
663,适
664,波
665,夜
666,省
667,初
668,喜
669,卫
670,源
671,食
672,险
673,待
674,述
675,陆
676,习
677,置
678,居
679,劳
680,财
681,环
682,排
683,福
684,纳
685,欢
686,雷
687,警
688,获
689,模
690,充
691,负
692,云
693,停
694,木
695,游
696,龙
697,树
698,疑
699,层
700,冷
701,洲
702,冲
703,射
704,略
705,范
706,竟
707,句
708,室
709,异
710,激
711,汉
712,村
713,哈
714,策
715,演
716,简
717,卡
718,罪
719,判
720,担
721,州
722,静
723,退
724,既
725,衣
726,您
727,宗
728,积
729,余
730,痛
731,检
732,差
733,富
734,灵
735,协
736,角
737,占
738,配
739,征
740,修
741,皮
742,挥
743,胜
744,降
745,阶
746,审
747,沉
748,坚
749,善
750,妈
751,刘
752,读
753,啊
754,超
755,免
756,压
757,银
758,买
759,皇
760,养
761,伊
762,怀
763,执
764,副
765,乱
766,抗
767,犯
768,追
769,帮
770,宣
771,佛
772,岁
773,航
774,优
775,怪
776,香
777,著
778,田
779,铁
780,控
781,税
782,左
783,右
784,份
785,穿
786,艺
787,背
788,阵
789,草
790,脚
791,概
792,恶
793,块
794,顿
795,敢
796,守
797,酒
798,岛
799,托
800,央
801,户
802,烈
803,洋
804,哥
805,索
806,胡
807,款
808,靠
809,评
810,版
811,宝
812,座
813,释
814,景
815,顾
816,弟
817,登
818,货
819,互
820,付
821,伯
822,慢
823,欧
824,换
825,闻
826,危
827,忙
828,核
829,暗
830,姐
831,介
832,坏
833,讨
834,丽
835,良
836,序
837,升
838,监
839,临
840,亮
841,露
842,永
843,呼
844,味
845,野
846,架
847,域
848,沙
849,掉
850,括
851,舰
852,鱼
853,杂
854,误
855,湾
856,吉
857,减
858,编
859,楚
860,肯
861,测
862,败
863,屋
864,跑
865,梦
866,散
867,温
868,困
869,剑
870,渐
871,封
872,救
873,贵
874,枪
875,缺
876,楼
877,县
878,尚
879,毫
880,移
881,娘
882,朋
883,画
884,班
885,智
886,亦
887,耳
888,恩
889,短
890,掌
891,恐
892,遗
893,固
894,席
895,松
896,秘
897,谢
898,鲁
899,遇
900,康
901,虑
902,幸
903,均
904,销
905,钟
906,诗
907,藏
908,赶
909,剧
910,票
911,损
912,忽
913,巨
914,炮
915,旧
916,端
917,探
918,湖
919,录
920,叶
921,春
922,乡
923,附
924,吸
925,予
926,礼
927,港
928,雨
929,呀
930,板
931,庭
932,妇
933,归
934,睛
935,饭
936,额
937,含
938,顺
939,输
940,摇
941,招
942,婚
943,脱
944,补
945,谓
946,督
947,毒
948,油
949,疗
950,旅
951,泽
952,材
953,灭
954,逐
955,莫
956,笔
957,亡
958,鲜
959,词
960,圣
961,择
962,寻
963,厂
964,睡
965,博
966,勒
967,烟
968,授
969,诺
970,伦
971,岸
972,奥
973,唐
974,卖
975,俄
976,炸
977,载
978,洛
979,健
980,堂
981,旁
982,宫
983,喝
984,借
985,君
986,禁
987,阴
988,园
989,谋
990,宋
991,避
992,抓
993,荣
994,姑
995,孙
996,逃
997,牙
998,束
999,跳
1000,顶
